CÓDIGO DE CENTRO;CUANTÍA DE LAS BECAS
28076952;2800
28049912;2800
28078419;575
28049912;2800
28078407;2800
28076873;2800
28016271;2800
28009525;2800
28046911;2800
28075728;2800
28009884;2800
28009525;1360
28074682;2800
28078811;2800
28075728;2800
28009525;2800
28016271;2800
28075030;2800
28025166;500
28067859;1460
28076976;2800
28025166;1000
28047356;2800
28048919;2800
28077294;2800
28067859;2660
28067859;1460
28025919;2800
28048919;2800
28009525;1160
28011544;350
28076514;2800
28014193;2800
28078407;2800
28067859;2660
28040647;2800
28072661;2800
28009525;2800
28080438;2700
28076514;2800
28078213;2800
28076514;2800
28072661;2800
28080177;2800
28080177;2800
28076976;2800
28076873;2800
28076976;2800
28075030;2800
28040647;2800
28076976;2800
28075832;2800
28074220;2800
28078249;2800
28080177;1320
28025166;2800
28016271;2800
28045748;2800
28075728;2800
28077713;2800
28076514;2800
28076952;2800
28046911;2800
28045748;1638,2
28076873;2800
28075728;2800
28077294;2800
28080177;2800
28038100;400
28009525;2800
28049912;2800
28076861;2800
28075728;2800
28076514;2800
0;2421
28001605;2800
28025166;1000
28079679;2800
28045748;2800
28064214;1660
28058305;2800
28040647;2800
28045748;2800
28078729;2800
28076976;2800
28065735;2800
28080281;1800
28040647;2800
28011908;2800
28025166;2800
28079679;2800
28078213;2800
28078845;2400
28079631;2800
28021604;2800
28075716;2800
28077713;2800
28046911;2800
28038586;2800
28076976;2800
28076991;2800
28069844;400
28009525;2800
28042607;400
28065735;2800
28009525;2800
28075832;2800
28067859;1460
28077713;2800
28078249;2800
28009525;2800
28064172;2280
28079539;2800
28079345;2800
28025166;1000
28076915;2800
28078249;2800
28075728;575
28049912;2800
28020341;400
28079679;2800
28076873;2800
28009525;2800
28078213;2800
28078249;2800
28002208;680
28045748;2480
28077713;2700
28075625;2800
28048919;2800
28075625;2800
28075728;2800
28079345;2800
28080177;2800
28080281;2600
28075625;2800
28047356;2800
28074049;2800
28076769;2800
28075716;2800
28079497;2800
28079539;2800
28077713;2800
28058305;2800
28080451;2800
28047356;2800
28076769;2800
28076976;2800
28058305;2800
28076186;2800
28076514;2800
28067859;1460
28009525;2800
28075728;2800
28025877;2800
28076769;2800
28009525;2800
28014651;1120
28009525;1705
28077294;2800
28080438;2400
28074220;2800
28079345;2800
28076459;2800
28078407;2800
28025877;2800
28025166;1000
28047356;2800
28045748;2480
28080177;2800
28080177;2800
28078213;2800
28014651;2800
28075728;2800
28077555;2800
28080463;2800
28079679;2800
28045748;2480
28032018;2800
28075625;2800
28046911;2800
28076459;2800
28021719;2800
28080177;2800
28079552;2800
28079916;2800
28074323;2800
28076976;2800
28079916;2800
28075182;2800
28078407;2800
28025166;1000
28048919;2800
28045748;1155
28079679;2800
28019300;425
28009525;2800
28080177;2800
28076514;2800
28078390;2800
28075728;2800
28075728;2800
28076861;2800
28049912;2800
28049912;2800
28032018;2800
28076903;2800
28074682;2800
28020831;520
28080177;1320
28026183;2800
28025166;500
28067321;2421
28076861;2800
28071474;2800
28040647;2800
28080177;1320
28049912;2800
28079916;2800
28071474;2800
28075625;2800
28060087;2800
28076861;2800
28025166;2800
28067859;2660
28058305;2800
28079345;2800
28075844;2800
28075595;2800
28025166;2800
28029445;2800
28045748;2800
28025324;2800
28009884;2800
28064238;2800
28080451;2800
28076514;2800
28076952;2800
28025166;2800
28075832;2800
28075728;575
28049912;2800
28045438;60
28058743;2800
28021604;2800
28001976;2800
28077580;2800
28080177;2800
28072168;2800
28032018;2800
28046911;2800
28074682;2800
28009525;2800
28009525;2800
28046911;2800
28049912;2800
28009525;2800
28009525;2800
28031592;2762,5
28020703;400
28079916;2800
28078811;2800
28067859;2660
28074086;2800
28047356;2800
28025166;2800
28073446;2800
28009525;2800
28076514;2800
28073446;2800
28078407;2800
28048919;2800
28046911;2800
28058305;2800
28078407;2800
28077580;2800
28078407;2800
28045748;1638,2
28009525;2800
28009525;2800
28075728;2800
28072661;2800
28026456;2800
28075728;2800
28045748;2480
28078213;2800
28045748;2800
28075182;2800
28046303;400
28048919;2800
28049912;2800
28040647;2800
28079539;2800
28049912;2800
28075728;2800
28079916;2800
28076873;2800
28032833;2800
28025919;2800
28067859;2660
28073446;1410
28076186;2800
28031592;990
28076873;1573
28025877;2800
28064214;2800
28025166;1000
28046911;2800
28040647;2800
28016271;2800
28046911;2800
28025166;2800
28078377;2800
28009525;2800
28009525;2800
28079679;2800
28079539;2800
28075728;2800
28046911;2800
28080451;2800
28009525;1160
28003894;400
28048919;2800
28077555;2800
28045748;1155
28067859;2660
28016271;2800
28075716;2800
28075832;2800
28076356;2800
28058615;436,12
28009525;2800
28049912;2800
28074682;2800
28009525;2800
28076976;2800
28046911;2800
28075054;2800
28076976;2800
28026183;1259,5
28024812;2800
28009884;2800
28071474;2800
28072661;2800
28075844;2800
28076186;2800
28021604;2800
28078407;2800
28009525;2800
28026183;2800
28077580;2800
28009525;2800
28030241;400
28079552;2800
28076873;2800
28072168;2800
28079345;2800
28077580;2800
28079345;2800
28076514;2800
28025166;500
28046911;2800
28080724;2800
28079345;2800
28038586;2800
28075728;2800
28075832;2800
28079679;2800
28067859;2660
28076991;2800
28075728;2800
28045748;2800
28080451;2800
28078407;2800
28048919;2800
28074682;1578
28080451;2800
28078213;2800
28072661;2800
28080669;2800
28075728;2800
28080177;990,76
28079588;2800
28009884;2800
28064214;1660
28009525;1360
28009884;2800
28026183;2800
28078407;2800
28072661;2800
28074682;1578
28075625;2800
28080177;754,76
28077294;2800
28075728;2800
28000522;200
28077294;2800
28038070;400
28077713;2800
28075716;2800
28058743;2800
28080281;2800
28074086;2800
28014651;2800
28079552;2800
28009525;1360
28064172;980
28075844;2800
28079679;2800
28075728;2800
28009525;1360
28038586;2800
28074682;2800
28075662;2800
28074220;1040
28078213;2800
28075728;575
28009525;2800
28076873;2800
28038586;2800
28074323;2800
28072661;2800
28075716;2800
28009525;2800
28076514;2800
28078407;2800
28075728;2800
28026183;2800
28032833;2800
28074384;2800
28080177;1320
28078729;2800
28078249;2800
28080451;2800
28072661;2800
28029445;482
28076915;2800
28078407;2800
28047356;2800
28074682;2800
28002580;400
28074682;2800
28072661;2800
28074220;2800
28045748;1638,2
28046911;2800
28014651;2800
28047356;2800
28009525;2800
28076514;1610
28079345;2800
28049547;2800
28076186;2800
28075728;2800
28075625;2800
28074086;2800
28075728;2800
28075728;575
28080281;2800
28080177;2800
28075716;2800
28045748;1638,2
28042139;2800
28079539;2800
28076976;2800
28042632;400
28014193;2800
28074682;1578
28077580;2800
28076915;2800
28079497;2800
28074682;2800
28025877;2800
28041275;2800
28076873;2800
28075728;2800
28046911;2800
28025166;2800
28076514;2800
28078791;2800
28025324;2800
28067653;400
28045748;2480
28009525;2800
28075625;2800
28048919;2800
28009525;2800
28047356;2800
28076952;2800
28025166;500
28080359;2800
28024642;400
28072661;2800
28080724;2800
28076976;2800
28079345;2800
28079345;2800
28075662;2800
28040647;2800
28075728;2800
28073446;1410
28075832;2800
28075911;2800
28074682;2800
28022578;156
28075595;2800
28075054;2800
28047356;2800
28079345;2800
28075716;2800
28049547;2800
28070883;2800
28016271;2800
28074682;2800
28075716;2800
28076915;2800
28078729;2800
28025166;1000
28042656;400
28016271;2800
28075728;2800
28045748;2800
28076976;2800
28075728;575
28067859;2660
28075728;2800
28009525;1360
28026183;1259,5
28077798;2800
28075595;2800
28080451;2800
28080451;2800
28060087;2800
28079345;2800
28023819;2800
28075182;2800
28076952;2800
28067331;2800
28040647;2800
28079916;2800
28080451;2800
28075728;2800
28025877;2800
28075728;2800
28074682;2800
28080219;2800
28079679;2800
28046911;2800
28079345;2800
28058305;2800
28079345;2800
28032833;2800
28075728;575
28075595;2800
28042656;400
28046911;2800
28067859;2760
28077294;2800
28072168;2800
28077713;2800
28075728;2800
28074220;1040
28075728;2800
28064214;1660
28080451;2800
28064214;1660
28076976;2800
28079679;2800
28078407;2800
28025166;2800
28074682;2800
28041275;2800
28024812;2800
28075716;2800
28079345;2800
28080177;2800
28009525;2800
28075182;2800
28079539;2800
28046911;2800
28080724;2800
28046911;2800
28040003;520
28079497;2800
28076873;2800
28064172;980
28080359;2800
28079552;2800
28076873;2800
28020028;2800
28076976;2800
28072156;2800
28072168;2800
28014651;2800
28049547;2800
28076873;2800
28076976;2800
28001605;2800
28078419;575
28075625;2800
28076976;2800
28075728;2800
28079746;2500
28079552;2800
28075728;2800
28020715;400
28046911;2800
28079497;2800
28078377;2800
28029445;2132
28046911;2800
28077713;2800
28075625;2800
28009525;2800
28009525;2800
28009525;2800
28067859;2800
28026183;2800
28021604;2800
28080281;2800
28014193;2800
28076861;2800
28076514;2800
28075625;2800
28031592;990
28067847;2800
28074384;2800
28046911;2800
28078213;2800
28079539;2800
28075728;575
28067331;2800
28038586;2800
28031555;400
28078419;2800
28079631;2800
28080177;2800
28076976;2800
28075728;2800
28067859;2760
28012640;2800
28079497;2800
28009525;2800
28076514;1610
28001976;2800
28075625;2800
28009525;2800
28080177;2800
28079746;2400
28080281;1500
28023819;2800
28040647;2800
28045748;2480
28058305;2800
28014651;2800
28072661;2800
28077798;2800
28009884;2800
28079345;2800
28075716;2800
28042607;400
28074682;2800
28025166;2800
28075728;2800
28045748;2480
28025166;1000
28079345;2800
28080177;2800
28080359;2800
28075728;2800
28031592;2800
28075625;2800
28046911;2800
28073446;2800
28075728;575
28080724;2800
28009884;2800
28074323;2800
28025166;1000
28078213;2800
28014651;620
28077713;2800
28009525;2800
28078249;2800
28038586;2800
28077294;2800
28075716;2800
28067859;1460
28001976;2800
28016271;2800
28080177;2800
28076861;2800
28078249;2800
28074682;2800
28078729;2800
28001629;360
28078407;2800
28058305;2800
28080177;985,76
28009525;2800
28009525;2800
28040647;2800
28025166;2800
28033850;400
28009525;2800
28075832;2800
28058305;2800
28079552;2800
28049912;2800
28076861;2800
28009525;2800
28025877;2800
28040647;2800
28019889;400
28079916;2800
28025166;2800
28009525;2800
28079916;2800
28075728;2800
28045748;1155
28009525;1360
28080669;2522,25
28009525;2800
28076873;2800
28067859;2660
28079552;2800
28046911;2800
28076873;2800
28067859;2760
28076915;2800
28074086;2800
28077798;2800
28079552;2800
28076514;2800
28077580;2800
28076873;2800
28078213;2800
28009884;2800
28076903;2800
28026183;2800
28032833;2800
28079679;2800
28076952;2800
28079345;1645
28078811;2800
28079497;2800
28078213;2800
28075832;2800
28075716;2800
28046911;2800
28038306;400
28009525;2800
28075182;2500
28067859;2660
28075728;2800
28078249;2800
28032018;2800
28060087;2800
28078419;575
28065671;200
28023819;1300
28046911;2800
28078419;575
28067859;2760
28049912;2800
28075625;2800
28079345;2800
28075662;2800
28038100;200
28075728;2800
28075716;2800
28046911;2800
28080177;2800
28074086;2800
28078213;2800
28049912;2800
28032833;2800
28039864;400
28045748;2800
28009525;2800
28075728;575
28048919;2800
28080463;2800
28075662;2800
28016271;2800
28080177;2800
28076873;2800
28080426;2800
28009525;1360
28009525;2800
28076903;2800
28078407;2800
28075716;2800
28075728;2800
28045748;2800
28002181;400
28016271;2800
28026183;2800
28064214;2800
28016271;2800
28076976;2800
28003304;200
28080177;2800
28079539;2800
28079552;1120
28022475;2800
28009525;2800
28078249;2800
28016271;620
28075595;2800
28067859;2660
28064172;2280
28040647;2800
28046911;2800
28078407;2800
28080177;2800
28079679;2800
28060580;2800
28080177;2800
28040647;2800
28079345;2800
28009525;2800
28075595;2800
28076915;2800
28076861;1840
28076873;2800
28009525;2800
28079552;2800
28008508;360
28021604;2800
28009525;2800
28025166;1000
28076514;2800
28080177;2800
28076976;2800
28034933;900
28012640;2800
28075728;575
28069261;2800
28075625;2800
28025919;2800
28009525;2800
28074682;2800
28048919;2800
28074086;2800
28041275;2800
28014651;2800
28078407;2800
28067434;697,1
28079588;2800
28006561;2800
28009525;2800
28040647;2800
28078791;2800
28049912;2800
28009525;2800
28070883;2800
28009525;1360
28075728;2800
28079588;1816,62
28074323;2800
28026183;2800
28076873;1573
28044902;400
28023819;1300
28077713;2800
28080451;2800
28076991;2800
28009525;1160
28078407;2800
28079345;2800
28018368;400
28009525;1360
28009525;2800
28078213;2800
28076976;2800
28076514;2800
28079345;2800
28009525;2800
28075728;2800
28045748;2480
28076915;2800
28079539;2800
28078419;575
28064214;1660
28079679;2800
28079497;2800
28001976;2800
28080177;2800
28076873;2800
28009525;1360
28076976;2800
28032833;2800
28078407;2800
28080177;2800
28011908;2800
28078419;2800
28009525;2800
28009525;2800
28078791;2800
28078419;2800
28016271;2800
28075625;2800
28074086;2800
28077713;2800
28049912;2800
28042139;2800
28075728;2800
28040647;2800
28009525;2800
28014651;2800
28075728;2800
28072661;2800
28075662;2800
28009525;2800
28049912;2800
28009525;1360
28080177;2800
28044902;400
28077798;2800
28016271;2800
28077294;2800
28019971;400
28031592;2800
28025324;2800
28074682;2800
28018368;400
28075595;2800
28077713;2800
28074682;2800
28023194;400
28067859;2800
28011908;2800
28075625;2800
28075728;2800
28024812;2800
28078419;575
28015136;2800
28001605;2800
28026183;2800
28049912;2800
28076514;1610
28080451;2800
28074220;1040
28009525;2800
28009525;1360
28075728;2800
28074220;2800
28067859;2800
28006561;2800
28015136;2800
28075625;2800
28080177;2800
28075832;2800
28025166;1000
28076976;2800
28064214;1660
28078407;2800
28025166;1000
28075728;575
28075625;2800
28079345;2800
28079345;2800
28021604;2800
28026183;2800
28074323;2800
28076976;2800
28001976;2800
28076903;2800
28031592;2800
28030991;400
28075054;2800
28074682;2800
28080724;2800
28060087;2800
28077555;2800
28046911;2800
28079679;2800
28048919;2800
28046911;2800
28021604;2800
28076952;2800
28074323;2800
28078407;2800
28040647;2800
28045748;2800
28067859;2660
28031592;2800
28016271;2800
28038100;200
28058305;2800
28079497;2800
28025166;2800
28079345;2800
28073446;2800
28009525;2800
28079345;2800
28045748;2480
28041275;2800
28079916;2800
28080177;2800
28067859;2800
28076952;2800
28077737;2800
28076976;2800
28060580;2800
28067859;2660
28067859;1460
28076514;2800
28049912;2800
28045748;2800
28075625;2800
28076976;2800
28001976;2800
28078407;2800
28064214;1660
28025166;2800
28016271;2800
28009525;2800
28067859;2760
28072156;2800
28025166;2800
28079345;2800
28076952;2800
28025166;2800
28078407;2800
28067859;2760
28074086;2800
28040647;2800
28025877;2800
28075728;2800
28031592;990
28075716;2800
28078377;2800
28075728;575
28049912;2800
28076976;2800
28079552;2800
28076952;2800
28009525;2800
28040647;2800
28020341;400
28078249;2800
28046911;2800
28078249;2800
28025166;2800
28067859;2660
28079497;2800
28025919;2800
28058305;2800
28020715;400
28032833;2800
28045748;2800
28075182;2800
28078249;2800
28079631;2800
28075595;2800
28075595;2800
28025166;1000
28076514;1610
28076514;2800
28001976;2800
28064172;980
28046911;2800
28076952;2800
28076976;2800
28076861;2800
28018368;400
28075728;575
28075728;2800
28029445;482
28009525;1360
28045748;2800
28067859;1460
28026183;2800
28080177;1320
28078419;2800
28073446;2800
28079345;2800
28078419;2800
28078249;2800
28078377;2800
28067859;2660
28080177;2800
28080177;1320
28049912;2800
28069406;268,5
28075595;2800
28025166;1000
28079916;2800
28080724;2800
28072168;2782
28076873;2800
28078249;2800
28064172;980
28008934;360
28009525;2800
28032833;2800
28025166;1000
28077294;2800
28076976;2800
28073446;2800
28075728;2800
28042139;2800
28040775;400
28075716;2800
28077798;2800
28079679;2800
28075728;2800
28058305;2800
28009525;1360
28038586;2800
28079497;2800
28074682;2800
28080177;2800
28080177;2800
28080438;2470
28008508;360
28075716;2800
28077580;2800
28049912;2800
28075832;2800
28075625;2800
28075844;2800
28080177;2800
28075728;2800
28076976;2800
28076976;2800
28049912;2800
28058305;2800
28021719;2800
28029445;2132
28076976;2800
28075625;2800
28025166;1000
28075595;2800
28080669;2800
28080281;2800
28079746;2800
28048919;2800
28078213;2800
28076861;1840
28039891;400
28079345;2800
28075844;2800
28045748;2800
28079679;2800
28009525;1160
28074682;2800
28077713;2800
28075728;2800
28076514;1610
28080219;2800
28076502;2800
28075728;575
28014651;2800
28025166;1000
28025324;2800
28040647;2800
28021008;400
28077294;2800
28079631;2800
28075728;2800
28009525;2800
28075728;575
28040647;2800
28076952;2800
28076873;2800
28075716;2800
28079539;2800
28046911;2800
28073446;2800
28078249;2800
28079916;2800
28076873;2800
28075728;2800
28078213;2800
28074323;2800
28012640;2800
28075625;2800
28076861;2800
28031592;990
28009525;2800
28075728;2800
28009525;2800
28021604;2800
28049912;2800
28076915;2800
28078213;2800
28025166;1000
28080177;2800
28075595;2800
28009525;2800
28014193;2800
28076991;2800
28076873;2800
28064214;2800
28079539;2800
28076873;2800
28079345;2800
28074086;2800
28077294;2800
28072168;2800
28072168;2800
28074682;2800
28009525;2800
28014193;2800
28020715;400
28072168;2800
28009525;2800
28077798;2800
28079679;2800
28076861;2800
28076873;1573
28077294;2800
28080281;2800
28076915;2800
28018563;250
28026456;2800
28009525;1160
28038100;400
28009525;2800
28067847;2770
28009525;2800
28073446;2800
28024812;2800
28032833;2800
28014651;2800
28074682;1578
28078729;2800
28079345;2800
28074682;1578
28078407;2800
28031592;2800
28039529;2800
28075728;2800
28046911;2800
28079539;2800
28009525;2800
28080177;2800
28009525;2800
28009884;2800
28075728;575
28078407;2800
28076976;2800
28080281;2800
28080438;2375
28046911;2800
28039864;400
28064214;1660
28024812;2800
28067859;2800
28073446;1410
28075728;575
28078407;2800
28021604;2800
28076861;1840
28067859;1460
28078407;2800
28075728;2800
28012640;2800
28080177;1152,68
28049912;2800
28078419;2800
28079916;2800
28078407;2800
28078249;2800
28078213;2800
28080359;2800
28025166;2800
28075832;2800
28076514;2800
28014651;2800
28009525;2800
28080177;2800
28031592;2800
28009525;2800
28078213;2800
28049912;2800
28080177;1946,68
28075728;2800
28025166;1000
28009525;2800
28078729;2800
28025166;2800
28079345;2800
28022578;2800
28006019;2800
28042139;2800
28075728;2800
28075728;575
28078811;2800
28046911;2800
28074086;2800
28048919;2800
28080177;2800
28060087;2800
28079345;2800
28076915;2800
28001605;2800
28039864;400
28064172;980
28011908;2800
28072168;2800
28069297;1100
28075054;2800
28067859;2800
28025166;2800
28025919;2800
28075030;900
28077294;2800
28076861;2800
28080669;2800
28021604;2800
28076873;2800
28009525;2800
28076976;2800
28025166;500
28079552;2800
28064214;1660
28079345;2800
28062126;400
28016271;2800
28041597;400
28076915;2800
28006019;2800
28074384;2800
28049912;2800
28075625;2800
28049912;2800
28078249;2800
28075716;2800
28070883;2800
28075728;2800
28075583;2800
28023819;1300
28072168;2800
28078249;2800
28064172;980
28012640;2800
28079679;2800
28016271;2800
28075728;2800
28076976;2800
28073446;2800
28075844;2800
28080724;2800
28080177;2800
28075728;2800
28076991;2800
28080177;2800
28076915;2800
28069261;2800
28079916;2800
28003894;1280
28076976;2800
28075595;2800
28074086;2800
28046911;2800
28046911;2800
28067859;2800
28025166;2800
28045748;2800
28046911;2800
28078407;2800
28060087;2800
28045748;2800
28011908;2800
28072661;2800
28075728;2800
28040647;2800
28041275;2800
28079345;2800
28014651;2800
28016271;2800
28079345;2800
28025166;1000
28075595;2800
28049912;2800
28080177;2800
28075625;2800
28077713;2800
28080177;990
28040647;2800
28001605;2800
28009525;2800
28065671;400
28079345;2800
28025324;2800
28064172;980
28075832;2800
28078407;2800
28079345;2800
28001976;2800
28079345;2800
28058305;2800
28074682;2800
28076915;2800
28064214;1660
28077713;1000
28080724;2800
28026183;2800
28067859;2760
28079990;2800
28009525;1160
28025166;1000
28049912;2800
28072168;2800
28009525;1360
28045748;2480
28076976;2800
28064214;1660
28067859;1460
28080177;2636,97
28075728;2800
28080177;2800
28058305;2800
28079631;2800
28014193;2800
28079497;2800
28058743;2800
28025166;2800
28025166;500
28080669;2693,25
28058305;2800
28067859;2660
28044720;200
28074220;2800
28026456;2800
28079552;2800
28076861;1840
28078419;2800
28075728;575
28067859;1460
28079679;2800
28012640;2800
28079552;2800
28067434;697,1
28072168;2800
28072168;2800
28021604;2800
28079746;2800
28074323;2800
28079497;2800
28075625;2800
28077294;2800
28041275;2800
28016271;2800
28049912;2800
28076514;1610
28075728;2800
28046911;2800
28046911;2800
28075595;2800
28080463;2800
28080438;2500
28025166;1000
28078407;2800
28033850;400
28067859;2660
28079746;2800
28072661;2800
28076976;2800
28048919;2800
28075844;2800
28046911;2800
28025166;1000
28077294;2800
28076514;1610
28076991;2800
28038586;2800
28080177;2800
28076356;2800
28079552;2800
28076976;2800
28074086;2800
28026183;2800
28009525;2800
28060087;2800
28079588;2800
28040647;2800
28076976;2800
28067847;2700
28048282;200
28014193;2800
28024812;2800
28078419;2800
28058305;2800
28065735;2421
28067859;2760
28080177;2800
28080177;2800
28029445;482
28046911;2800
28073446;1410
28073446;1410
28075728;2800
28073446;2800
28079679;2800
28075728;2800
28064214;2800
28064214;1660
28026456;2800
28075728;2800
28014651;2800
28079916;2800
28038586;2800
28076903;2800
28075595;2800
28078407;2800
28077580;2800
28072156;2800
28072168;2800
28058615;400
28009525;1360
28014651;2120
28075595;2800
28026183;2800
28078419;575
28023819;1000
28026456;2800
28031592;2800
28079552;2800
28079345;2800
28074220;2800
28025166;500
28040647;2800
28076514;2800
28078213;2800
28067859;1460
28016271;2800
28064172;2800
28079916;2800
28022578;2800
28046911;2800
28076976;2800
28009525;1360
28038306;400
28067859;2660
28029445;2132
28009525;2800
28078249;2800
28025166;1000
28025166;2800
28060087;2800
28048919;2800
28046911;2800
28075625;2800
28072168;2800
28041275;2800
28046911;2800
28048919;2800
28025166;1000
28075625;2800
28072168;2800
28025166;500
28075728;2800
28079497;2800
28025166;1000
28058305;2800
28026183;1259,5
28073446;2800
28064172;980
28079916;2800
28078419;2800
28009525;2800
28012640;2800
28014193;2800
28064214;1660
28049912;2800
28079345;2800
28080177;2800
28078213;2800
28025166;2800
28076976;2800
28079345;2800
28080177;2800
28075844;2800
28080177;2800
28022578;2800
28060087;2800
28060087;2800
28076873;2800
28040647;2800
28075728;575
28021604;2800
28001976;2800
28009525;2800
28075728;575
28060580;2800
28037028;400
28014651;2800
28026183;2800
28076873;2800
28078419;2800
28078419;2800
28045748;1638,2
28075728;2800
28076976;2800
28079679;2800
28076873;2800
28045748;2800
28009525;1360
28025166;500
28048919;2800
28039529;2800
28079345;2800
28075728;2800
28025166;1000
28040647;2800
28076976;2800
28080177;2800
28075728;2800
28074682;2800
28076514;1610
28078407;2800
28046911;2800
28065735;2800
28078407;2800
28077798;2800
28020399;360
28009525;2800
28076976;2800
28076976;2800
28009525;2800
28041275;2800
28045748;2480
28032833;2800
28009525;2800
28040647;2800
28076976;2800
28009525;2800
28080177;2800
28078249;2800
28046911;2800
28079345;2800
28076514;2800
28009525;2800
28009884;2800
28080177;2800
28018563;250
28075625;2800
28078213;2800
28074086;2800
28074323;2800
28046911;2800
28078407;2800
28079345;2800
28080177;2800
28075728;2800
28058305;2800
28077713;2800
28079679;2800
28072661;2800
28049912;2800
28009525;2800
28075625;2800
28047356;2800
28025166;2800
28009884;2800
28079916;2800
28048919;2800
28079345;2800
28067859;2760
28019300;425
28009525;2800
28076514;2800
28076976;2800
28025166;500
28078213;2800
28009525;1360
28022475;2800
28079679;2800
28075182;2800
28076514;1610
28075728;2800
28079497;2800
28038422;400
28018381;400
28019300;425
28032833;2800
28076861;1840
28076915;2800
28076873;2800
28023819;1300
28078407;2800
28079679;2800
28078729;2800
28080281;2800
28046911;2800
28026183;2800
28079679;2800
28079552;1120
28079552;2800
28009525;2800
28079588;2800
28026183;2800
28067859;2800
28080177;1206,66
28075625;2800
28074323;2800
28079497;2800
28009525;1360
28072168;2800
28072661;2800
28075030;2800
28045748;1155
28075728;575
28080451;2800
28049547;2800
28079539;2800
28078390;2800
28075054;2800
28039529;2800
28049912;2800
28058305;2800
28025324;2800
28075625;2800
28075728;575
28038586;2800
28074682;2800
28046364;400
28076976;2800
28075728;2800
28009525;1360
28079552;2300
28075728;2800
28078419;2800
28040647;2800
28041196;2800
28009525;1360
28025166;2800
28042139;2800
28009884;2800
28026183;2800
28075728;2800
28042632;400
28076873;2800
28009525;2800
28067331;2800
28048919;2800
28067628;400
28075728;2800
28031592;2800
28080177;2800
28065735;2421
28076903;2800
28009525;2800
28076873;2800
28072661;2800
28021604;2800
28075625;2800
28080451;2800
28074682;2800
28073446;2800
28078249;2800
28046911;2800
28080724;2800
28025166;1000
28046911;2800
28075625;2800
28009525;2800
28079345;2800
28009525;1360
28070883;2800
28067859;2660
28067859;2800
28047356;2800
28079497;2800
28079679;2800
28075728;2800
28042656;400
28076514;2800
28032833;2800
28067859;1165
28067847;2800
28076976;2800
28078407;2800
28009525;2800
28046911;2800
28026183;2800
28067847;2800
28026183;2800
28076976;2800
28046911;2800
28067859;2760
28009525;2800
28067331;2800
28079539;2800
28040647;2800
28067859;2760
28026183;2800
28038379;200
28073446;2800
28075728;575
28077294;2800
28078249;2800
28009884;2800
28074086;2800
28075728;2800
28076873;2800
28076915;2800
28078249;2800
28025877;2800
28080177;2800
28080177;2800
28073446;2800
28075832;2800
28080281;2400
28047356;2800
28009525;1360
28075728;2800
28076861;2800
28075728;575
28074682;1500
28076976;2800
28074050;400
28078249;2800
28075728;575
28075728;2800
28064172;392
28080451;2800
28076976;2800
28075625;2800
28026183;1259,5
28014651;2800
28049912;2800
28045748;2800
28012640;2800
28025166;2800
28076873;2800
28076873;2800
28080177;2305,04
28058305;2800
28046911;2800
28025166;2800
28074682;2800
28009525;2800
28080359;2800
28032833;2800
28079588;1500
28014651;2800
28077971;400
28079539;2800
28016271;2800
28009525;2800
28026183;2800
28079679;2800
28023819;1300
28077713;2700
28078729;2800
28073446;2800
28076952;2800
28025166;2800
28021604;2800
28077737;2800
28076952;2800
28077555;2800
28019312;400
28080177;1224,79
28079679;2800
28078419;2800
28073446;2800
28075832;1750
28075728;575
28079345;2800
28060087;2800
28075716;2800
28039864;400
28003894;400
28079916;2800
28075728;575
28076873;2800
28072168;2800
28072661;2800
28078729;2800
28080177;2800
28064172;2280
28021549;400
28046303;2800
28076861;2800
28075728;2800
28076514;2800
28075030;2700
28079746;2800
28080669;2800
28009525;2800
28009525;2800
28075728;2800
28077294;2700
28009525;2800
28078407;2800
28075728;575
28077713;2800
28048919;2800
28075728;2800
28080177;2800
28076873;2800
28048919;985
28040647;2800
28075728;575
28009525;2800
28014651;2800
28079916;2800
28046911;2800
28040647;2800
28031592;2800
28078407;2800
28079588;2800
28074323;2800
28074323;2800
28080281;2800
28016271;2800
28025166;1000
28075728;2800
28036978;400
28016271;2800
28009525;2800
28012640;2800
28078407;2800
28070883;2800
28009525;2800
28023819;1300
28075728;575
28075716;2800
28020399;360
28064214;1660
28077798;2800
28046911;2800
28078791;2800
28074864;2800
28076514;2800
28077798;2800
28076502;2800
28076873;2800
28074323;2800
28075182;2800
28045748;2800
28075182;2800
28079679;2800
28030964;400
28078407;2800
28072661;2800
28075728;2800
28076873;2800
28075728;2800
28025166;1000
28075054;2800
28078407;2800
28078213;2800
28042656;400
28075728;575
28078845;2400
28075716;2800
28074682;1578
28075728;2800
28071474;2800
28075728;2800
28020831;400
28069844;400
28080669;2250
28080177;2800
28080177;1320
28047356;2800
28079679;2800
28075728;2800
28078213;2800
28009525;2800
28025166;1000
28072168;2800
28075728;2800
28075728;575
28078811;2800
28067859;2660
28026183;1259,5
28009525;2800
28075728;2800
28032833;2800
28079552;2800
28014193;2800
28074323;2800
28074323;2700
28080177;2800
28079990;2800
28020341;400
28021604;2800
28078419;2800
28075728;2800
28075595;2800
28075728;2800
28076915;2800
28074086;2800
28076873;2800
28079746;2400
28076514;2800
28078249;2800
28076514;2800
28080359;2800
28076514;2800
28075182;2800
28080281;2800
28076976;2800
28075728;2800
28026183;2800
28075728;2800
28000522;400
28046911;2800
28075728;2800
28076514;1610
28079345;2800
28078419;2800
28078811;2800
28009525;1360
28032018;2800
28076991;2800
28076873;2800
28046911;2800
28076903;2800
28080177;2800
28078249;2800
28075728;2800
28075728;2800
28079552;2800
28025166;2800
28078407;2800
28025166;500
28046911;2800
28080359;2800
28075595;2800
28074682;1578
28032833;2800
28074323;2800
28023819;1300
28025166;2800
28029445;2800
28076991;2800
28009525;2800
28075728;2800
28075625;2800
28080463;2800
28049912;2800
28042139;2800
28075625;2800
28049912;2800
28049912;2800
28080177;1188
28049912;2800
28025166;1000
28076873;2800
28075716;2800
28078249;2800
28079679;2800
28045748;2480
28067331;2800
28032833;2800
28074682;1578
28078729;2800
28079588;1416,68
28070883;2800
28080177;2800
28046911;2800
28078249;2800
28076976;2800
28067859;2800
28076976;2800
28021604;2800
28073446;2800
28042656;400
28049912;2800
28021604;2800
28046911;2800
28076514;2800
28031592;2800
28080177;1320
28075728;2800
28031592;990
28079679;2800
28075728;2800
28080177;2800
28045748;2800
28049912;2800
28045748;2800
28079588;1500
28020715;400
28079539;2800
28048919;2800
28049547;2800
28080177;2800
28074323;2800
28042656;400
28078407;2800
28078419;575
28009525;2800
28074323;2800
28078249;2800
28064172;980
28064172;2800
28076991;2800
28073446;2800
28021604;2800
28076952;2800
28040647;2800
28079539;2800
28067859;2800
28078729;2800
28077971;400
28046911;2800
28075728;575
28026183;2800
28074086;2800
28009525;1160
28045748;2480
28067859;1460
28041275;2800
28075625;2800
28049912;2800
28009525;2800
28075662;2800
28020341;400
28008508;360
28045748;2800
28048919;2800
28048919;2800
28025877;2800
28076915;2800
28076514;2800
28076514;1610
28080438;2400
28009525;2800
28075716;2800
28049912;2800
28080177;2800
28079588;1612,62
28077798;2800
28009525;2800
28080177;2800
28064172;2800
28075728;2800
28079679;2800
28025166;1000
28079588;2800
28076861;2800
28076861;2800
28079539;2800
28080281;2800
28077580;2800
28060580;2800
28077294;2800
28009525;2800
28080177;2800
28072168;2800
28025166;2800
28080177;1152,66
28067859;1460
28024812;2800
28078213;2800
28075728;2800
28079345;2800
28079552;2800
28077713;2800
28045748;2480
28080177;990
28078213;2800
28076976;2800
28075728;2800
28049912;2800
28073446;2800
28075728;2800
28046911;2800
28046911;2800
28026183;2800
28075625;2800
28079916;2800
28075728;575
28078407;2800
28075728;2800
28078249;2800
28078249;2800
28047356;2800
28078213;2800
28049857;2800
28029445;2800
28077798;2800
28075728;2800
28078407;2800
28075728;2800
28076873;2800
28047356;2800
28076514;2800
28031592;2800
28078213;2800
28046911;2800
28074682;2800
28026183;2800
28046911;2800
28079345;2800
28067859;2800
28022724;400
28029445;2520
28048919;2800
28079345;1800
28072156;2800
28045748;2480
28072661;2800
28067331;2800
28079539;2800
28067859;2760
28009525;2800
28009525;2800
28078729;2800
28012640;2800
28076873;2800
28067859;2760
28075716;2800
28075728;2800
28077294;2800
28067331;2800
28064214;1660
28009525;2800
28075728;2800
28038586;2800
28075716;2800
28038100;400
28075182;2800
28078811;2800
28077798;2800
28080177;2800
28016271;2800
28079679;2800
28078213;2800
28042139;2800
28030991;400
28040647;2800
28080177;2800
28021604;2800
28014651;2800
0;2500
28074323;2800
28075728;2800
28047356;2800
28075728;2800
28078249;2800
28075728;2800
28058305;2800
28049912;2800
28076873;2800
28078249;2800
28079916;2800
28079916;2800
28064214;1660
28078419;575
28022475;2800
28049857;2800
28067859;2800
28079588;2800
28042656;400
28076873;2800
28075728;2800
28042656;400
28080281;2700
28075625;2800
28076514;2800
28080177;1320
28079552;2800
28070561;1390
28075728;2800
28078791;2800
28079539;2800
28075054;2800
28009525;1360
28075728;2800
28079679;2800
28046911;2800
28078729;2800
28009525;2800
28009525;2800
28046911;2800
28025166;1000
28009525;2800
28021604;2800
28076903;2800
28045748;2800
28060087;2800
28075728;575
28014651;2800
28079539;2800
28079679;2800
28074323;2800
28078791;2800
28067859;1629
28038422;400
28009525;2800
28025166;1000
28076952;2800
28009525;2800
28080177;2800
28009525;2800
28031592;990
28042656;520
28038100;400
28076514;2800
28012640;2800
28075728;2800
28079345;2800
28021604;2800
28009525;2800
28079588;1650
28075728;2800
28076861;2800
28075595;2800
28064214;1660
28078249;2800
28080724;2800
28031014;400
28075728;575
28076976;2800
28079539;2800
28018484;2800
28073446;1410
28078729;2800
28049912;2800
28046911;2800
28080177;2800
28075625;2800
28025166;500
28075728;2800
28080177;1186,62
28075728;2800
28074220;2800
28078249;2800
28074220;2800
28025324;2800
28080177;2800
28076514;2800
28041275;2800
28075625;2800
28078419;2800
28064172;980
28046911;2800
28076186;2800
28046911;2800
28047356;2800
28075054;2800
28067859;1460
28014193;2800
28009525;2800
28075625;2800
28026183;2800
28067859;2800
28045748;2800
28080177;2800
28075832;2800
28074323;2800
28075716;2800
28019889;400
28025166;1000
28076502;2800
28080451;2800
28062126;400
28018484;400
28067859;2760
28075728;2800
28080281;2800
28024642;400
28078407;2800
28076873;2800
28075728;2800
28078419;2800
28079497;2800
28072168;2800
28046911;2800
28045748;2800
28077580;2800
28076976;2800
28076976;2800
28060580;2800
28078407;2800
28079916;2800
28065735;2800
28076976;2800
28074323;2800
28009525;2800
28049912;2800
28045748;1638,2
28076976;2800
28067859;1460
28009525;2800
28076873;2800
28075728;2800
28076915;2539
28067847;2800
28080177;2800
28079497;2800
28025877;2800
28067859;2660
28045748;2800
28075728;2800
28040647;2800
28075716;2800
28009525;2800
28058305;2800
28077555;2800
28076873;2800
28080177;2800
28077737;2800
28025166;1000
28074682;1578
28075832;2800
28075728;575
28078213;2800
28040647;2800
28080359;2800
28072156;2800
28080177;2800
28078407;2800
28072661;2800
28067434;697,1
28076861;1840
28077294;2800
28046911;2800
28080451;2800
28075728;2800
28076873;2800
28075728;575
28078791;2800
28079539;2800
28077580;2800
28029445;2800
28079497;2800
28025166;2800
28079345;2800
28076976;2800
28079552;2800
28075728;2800
28078249;2800
28080177;2800
28076873;1573
28075832;2800
28067847;2800
28079345;2800
28012640;2800
28079497;2800
28076873;2800
28075728;2800
28075595;2800
28021604;2800
28078213;2800
28009525;1360
28025166;1000
28075716;2800
28079345;2800
28072168;2800
28075625;2800
28075832;2800
28049912;2800
28021604;2800
28021604;2800
28009525;2800
28074682;2800
28080177;2800
28074220;2800
28067859;1460
28014193;2800
28075728;575
28048282;400
28075662;2800
28075595;2800
28078419;2800
28048919;2800
28079497;2800
28079916;2800
28026183;1259,5
28075728;2800
28076976;2800
28080669;2800
28049912;2800
28080451;2800
28075716;2800
28078419;2800
28067859;1460
28049912;2800
28023819;1300
28049912;2800
28077971;400
28080359;2800
28069303;2800
28076976;2800
28009525;2800
28075182;2800
28078213;2800
28080177;1188
28075728;575
28025166;2800
28075728;2800
28003894;200
28076459;2800
28009525;2800
28080451;2800
28079679;2800
28058305;2800
28058305;2800
28077798;2800
28075728;575
28026183;2800
28078419;2800
28020341;200
0;2000
28078213;2800
28080669;2250
28009525;2800
28046911;2800
28078407;2800
28078407;2800
28079552;2800
28079345;2800
28074220;2800
28078407;2800
28009884;2800
28079345;2800
28021549;400
28009525;2800
28077294;2800
28076915;2800
28045748;2800
28048919;2800
28080177;2800
28079345;2800
28046911;2800
28009525;2800
28025166;1000
28072661;2800
28067859;2800
28046911;2800
28046911;2800
28067859;2660
28038306;400
28078249;2800
28049912;2800
28046911;2800
28077294;2800
28076514;2800
28079552;2300
28009525;2800
28049912;2800
28076952;2800
28075728;2800
28009525;1160
28075728;575
28020715;400
28025166;1000
28045748;2800
28045748;2480
28045748;1155
28076186;2800
28009525;2800
28032018;2800
28014651;2800
28009525;2800
28076873;2800
28075728;2800
28080177;2800
28080177;2800
28076873;2800
28076976;2800
28076514;2800
28075728;2800
28075728;575
28075728;575
28076514;1610
28078407;2800
28021604;2800
28012640;2800
28058305;2800
28042139;2800
28074220;1040
28074323;2800
28075728;2800
28075728;2800
28042139;2800
28003894;400
28049912;2800
28009525;2800
28079345;2800
28046911;2800
28075728;2800
28080177;2800
28078249;2800
28072661;2800
28049912;2800
28073446;2800
28048919;2800
28079345;1800
28041597;400
28046911;2800
28074323;2800
28046911;2800
28080177;2800
28060580;2800
28049912;2800
28014651;2800
28014651;1620
28076873;1573
28026183;2800
28009525;2800
28080177;2800
28078213;2800
28074323;2800
28016271;2800
28077713;2800
28076873;2800
28024812;2800
28078407;2800
28039128;400
28026183;2800
28079345;2800
28039529;2800
28047356;2800
28075054;2800
28031592;990
28038306;400
28075728;2800
28048919;2800
28046911;2800
28075728;2800
28078407;2800
28002208;2800
28078213;2800
28074281;2800
28076952;2800
28025324;2800
28029445;482
28026183;2800
28079679;2800
28003201;400
28048919;2800
28042656;400
28075595;2800
28062497;2800
28076459;2800
28079497;2800
28079497;2800
28009525;2800
28078407;2800
28009525;2800
28079679;2800
28025166;2800
28009525;1360
28079539;2800
28075832;2800
28000467;400
28064172;2800
28021604;2800
28041196;2800
28076976;2800
28058743;2800
28075595;2800
28069431;400
28078407;2800
28046911;2800
28008508;360
28046911;2800
28067859;2760
28077294;2800
28079345;2800
28076915;2800
28067859;1460
28067859;2660
28080177;2800
28014651;2800
28078249;2800
28078213;2800
28046911;2800
28075728;2800
28021604;2800
28021604;2800
28075728;2800
28074384;2800
28009525;2800
28075728;2800
28079345;2800
28076873;1573
28078791;2800
28074323;2800
28009525;2800
28046911;2800
28079916;2800
28060087;2800
28076514;2800
28075728;2800
28075728;575
28003894;400
28079497;2800
28006378;970,75
28078407;2800
28080177;2800
28075716;2800
28025166;2800
28076952;2800
28079552;2800
28076903;2800
28079497;2800
28078407;2800
28009525;2800
28075595;2800
28049912;2800
28077713;2800
28075728;2800
28079539;2800
28079539;2800
28079552;1195
28080177;2800
28060087;2800
28079679;2800
28078791;2800
28080177;1353,4
28075728;2800
28047356;2800
28076873;2800
28075728;2800
28078407;2800
28040647;2800
28025166;2800
28025877;2800
28072168;2800
28025324;2800
28075832;2800
28023194;12
28026183;2800
28077580;2800
28078249;2800
28080451;2800
28009525;2800
28048919;2800
28075182;2800
28075832;2800
28080451;2800
28025166;1000
28078407;2800
28080281;1500
28076873;2800
28009525;2800
28072168;2800
28076976;2800
28077798;2800
28076873;2800
28075728;2800
28057271;400
28075832;2800
28064172;2280
28075595;2800
28078729;2800
28078249;2800
28026183;2800
28075716;2800
28080177;1320
28046911;2800
28049912;2800
28078419;2800
28014651;2800
28042139;2800
28016271;2800
28080177;2800
28076952;2800
28075625;2800
28077737;2800
28076861;2800
28075030;2800
28079345;2800
28078213;2800
28067859;2800
28078213;2800
28025877;2800
28021604;2800
28009525;2800
28009525;2800
28075728;2800
28079345;2800
28026183;2800
28076976;2800
28074220;2800
28079345;2800
28009525;2800
28009525;2800
28075054;2800
28078249;2800
28009525;2800
28049912;2800
28067859;2760
28078249;2800
28009525;2800
28029445;482
28009525;2800
28076861;2800
28079679;2800
28076991;1883,12
28025166;2800
28038379;400
28080669;2250
28046911;2800
28078249;2800
28039529;2800
28078791;2800
28076976;2800
28075728;2800
28041615;400
28064214;2800
28078213;2800
28077580;2800
28049912;2800
28009525;2800
28078407;2800
28009525;2800
28076873;2800
28075662;2800
28079552;2800
28021604;2800
28032833;2800
28076915;2800
28009525;1360
28046911;2800
28020715;400
28075728;2800
28076873;2800
28076514;2800
28009525;2800
28067859;2660
28049912;2800
28079345;2800
28025166;1000
28072156;2800
28075182;2800
28079497;2800
28075030;2800
28079345;1800
28078390;2800
28075595;2800
28048919;2800
28079345;2800
28075728;2800
28075595;2800
28009525;2800
28031002;400
28080177;2800
28025166;2800
28009525;2800
28080177;2800
28078213;2800
28077713;2800
28023819;1000
28080177;990
28064238;2800
28075844;2800
28048282;400
28049912;2800
28076991;2800
28076514;2800
28065735;2421
28075595;2800
28076976;2800
28074050;400
28076952;2800
28042656;400
28079345;2800
28078390;2800
28078407;2800
28046911;2800
28003894;400
28079552;2800
28072661;2800
28025919;2800
28078249;2800
28079345;2800
28077555;2800
28080177;2800
28040003;400
28049912;2800
28038100;400
28015136;2800
28075728;2800
28077294;2800
28076514;2800
28075728;2800
28079539;2800
28058305;2800
28009525;2800
28072168;2800
28039128;400
28079497;2800
28078419;575
28075625;2800
28021604;2800
28074323;2800
28079588;1216,62
28046911;2800
28078213;2800
28077737;2800
28075728;2800
28075595;2800
28072661;2800
28046911;2800
28080177;1320
28078249;2800
28075728;2800
28076915;2800
28025166;2800
28026183;2800
28009525;2800
28076514;1610
28048919;2800
28009525;2800
28046911;2800
28079679;2800
28076903;2800
28077580;2800
28045748;1155
28076873;2800
28076514;2800
28074682;1578
28058743;2800
28009525;2800
28075728;575
28025877;2800
28076976;2800
28009525;2800
28079552;2800
28077580;2800
28076976;2800
28075728;2800
28046911;2800
28038100;400
28076873;2800
28080177;2800
28067859;2660
28078407;2800
28009525;2800
28009525;2800
28080177;2800
28026456;2800
28025166;2800
28079679;2800
28075832;2800
28079552;2800
28078407;2800
28078407;2800
28079345;2800
28025166;1000
28032833;2800
28025166;1000
28079679;2800
28038100;400
28078213;2800
28075728;2800
28042607;400
28079497;2800
28078419;2800
28073446;2800
28075030;2800
28075182;2800
28012640;2800
28045748;2480
28014651;2800
28014193;2800
28047356;2800
0;1200
28026183;2800
28009525;2800
28073446;2800
28009525;2800
28079916;2800
28078407;2800
28046911;2800
28012640;2800
28040647;2800
28009525;2800
28079916;2800
28067859;2760
28078213;2800
28046911;2800
28075728;2800
28076976;2800
28076915;2800
28074281;2800
28078729;2800
28080177;2800
28049912;2800
28076903;2800
28029445;2520
28079345;2800
28021604;2800
28080177;2800
28067859;1460
28077713;1000
28075728;2800
28025166;2800
28058305;2800
28049912;2800
28001976;2800
28079497;2800
28078407;2800
28075716;2800
28067628;400
28032833;2800
28012196;2800
28079345;2800
28076186;2800
28072661;2800
28075832;2800
28075716;2800
28009525;1360
28072661;2800
28076873;2800
28077555;2800
28077580;2800
28009525;2800
28075728;2800
28074220;2800
28076514;1610
28075728;575
28009525;2800
28074682;1578
28009525;2800
28075595;2800
28021604;2800
28025166;1000
28079345;2800
28080177;2800
28046911;2800
28076873;2800
28080438;2500
28075728;2800
28026183;2800
28074220;2800
28001976;2800
28046911;2800
28046911;2800
28075728;575
28009525;2800
28049912;2800
28074323;2800
28075728;2800
28075728;575
28076514;2800
28016271;2800
28078407;2800
28000522;400
28079679;2800
28075625;2800
28080177;2800
28076976;2800
28058305;2800
28025919;2800
28046911;1410
28075716;2800
28025166;1000
28075728;2800
28075595;2800
28026183;2800
28076873;2800
28009525;2800
28076976;2800
28049912;2392
28001976;2800
28078249;2800
28026183;2800
28078213;2800
28042607;240
28064172;980
28075182;2800
28075182;2800
28078213;2800
28079539;2800
28048919;2800
28009525;2800
28079679;2800
28075911;2800
28065735;2800
28076976;2800
28078249;2800
28079497;2800
28079746;2400
28012640;2800
28076976;2800
28069261;2800
28075728;2800
28025166;2800
28009884;2800
28075595;2800
28076976;2800
28078249;2800
28078407;2800
28031592;2800
28079345;2800
28076873;2800
28058305;2800
28078407;2800
28020715;400
28065735;2421
28009525;2800
28048919;2800
28080177;2800
28076976;2800
28009525;2800
28025166;1000
28009525;2800
28075625;2800
28021549;400
28079916;2800
28077294;2800
28067859;2760
28076991;2800
28045748;2800
28025877;2800
28009525;2800
28080177;1320
28009525;1360
28077166;2450
28009525;2800
28009525;2800
28079345;2800
28048919;2800
28075728;2800
28078249;2800
28076873;2800
28078407;2800
28048919;2800
28078213;2800
28074220;2800
28000522;400
28074086;2800
28006019;2800
28049912;2800
28048919;2800
28079497;2800
28049857;2800
28075728;2800
28080177;2800
28042139;2800
28049912;2800
28049912;2800
28045748;2800
28076514;1610
28075728;575
28021604;2800
28064214;1660
28026183;1259,5
28025166;1000
28025166;1000
28045748;2111
28075728;2800
28025166;2800
28079497;2800
28079552;2800
28025166;1000
28025166;1000
28026183;2800
28074220;1040
28042607;400
28077580;2800
28078213;2800
28064214;1660
28049912;2800
28076873;2800
28074220;2800
28078407;2800
28079746;2800
28009525;2800
28075728;575
28075728;2800
28040775;400
28079497;2800
28075595;2800
28080281;2700
28077713;2800
28074682;1578
28075625;2800
28079552;2800
28025166;1000
28075728;2800
28032833;2800
28075728;2800
28078249;2800
28046911;2800
28077294;2800
28075595;2800
28080669;2680
28014651;2800
28049912;2800
28076873;2800
28076514;1610
28009525;2800
28013863;380
28033850;400
28058305;2800
28075030;2800
28046911;2800
28049912;2800
28076976;2800
28080177;2800
28014651;2800
28020399;360
28075728;2800
28078791;2800
28079497;2800
28009525;2800
28079679;2800
28079552;2800
28021604;2800
28076873;2800
28025166;2800
28042632;400
28009525;1360
28075728;575
28045748;2800
28076514;2800
28058640;400
28076873;2800
28074682;2800
28075728;575
28072168;2800
28078419;575
28067859;2136
28072168;2800
28079552;2800
28080724;2800
28078249;2800
28049912;2800
28021604;2800
28075595;2800
28049857;2800
28075182;2800
28076514;1610
28079916;2800
28009525;2800
28067331;2800
28080177;2800
28080219;2800
28079539;2800
28078213;2800
28076873;2800
28079588;2800
28075716;2800
28067859;1460
28009525;2800
0;1200
28057271;400
28049912;2800
28009525;2800
28077737;2800
28072661;2800
28009525;2800
28014193;2800
28078213;2800
28076514;2800
28076873;2800
28046911;2800
28080359;2800
28078729;2800
28022578;2800
28076976;2800
28042656;400
28009525;2800
28075728;2800
28049912;2800
28075728;2800
28075716;2800
28079552;2800
28075728;2800
28025166;1000
28075844;2800
28032833;2800
28042139;2800
28009884;2800
28046911;2800
28075728;2800
28079679;2800
28075728;2800
28079679;2800
28009525;2800
28064172;980
28067847;2700
28048919;2800
28078419;575
28049912;2800
28076873;2800
28079916;2800
28025166;1000
28075728;2800
28067859;2760
28075728;2800
28075716;2800
28078419;2800
28076952;2800
28076976;2800
28048919;2800
28080177;2800
28076976;2800
28075728;2800
28045748;2800
28075728;2800
28076976;2800
28079679;2800
28075844;2800
28078845;2800
28076861;2800
28075844;2800
28065671;400
28064172;2280
28049912;2800
28046911;2800
28075728;2800
28042656;600
28072168;2800
28032018;2800
28049912;2800
28025166;1000
28080669;2800
28049912;2800
28079345;2800
28078213;2800
28079497;2800
28076186;2800
28046911;2800
28009525;2800
28078390;2800
28023819;1000
28067859;1460
28009525;2800
28076502;2800
28076186;2800
28025166;2800
28075728;2800
28025166;2800
28026456;2800
28078419;2800
28025166;500
28023819;1300
28076991;2800
28076976;2800
28016271;2800
28042656;400
28009525;2800
28025919;2800
28076769;2800
28078791;2800
28009525;2800
28009525;2800
28078377;2800
28072661;2643,7
28048919;2800
28075625;2800
28009525;2800
28046911;2800
28073446;2800
28075625;2800
28080219;2800
28049031;459
28075728;2800
28075728;2800
28075728;575
28026183;1077
28060580;1402
28079552;2800
28075728;575
28032833;2800
28032833;2800
28078390;2800
28025166;500
28009525;2800
28040647;2800
28001976;2800
28076952;2800
28075054;2800
28021604;2800
28075054;2800
28076976;2800
28080177;2800
28009525;2800
28078249;2800
28078419;575
28014651;2800
28058305;2800
28058305;2800
28079916;2800
28076991;2800
28076976;2800
28045748;2800
28079916;2800
28079497;2800
28046911;2800
28009525;2800
28076514;1610
28015136;2800
28075728;2800
28025166;2800
28076356;2800
28049857;2800
28078213;2800
28076976;2800
28077294;2800
28076976;2800
28078249;2800
28046911;2800
28077798;2800
28049912;2800
28025166;500
28049912;2293
28064214;1660
28076514;1610
28076873;2800
28009525;2800
28075054;2800
28075625;2800
28026183;2800
28077713;2800
28075728;575
28012196;2800
28080451;2800
28079552;2800
28076514;2800
28009525;2800
28074323;2800
28074682;2800
28049912;2800
28009525;2800
28021604;2800
28076861;2800
28079552;2800
28079345;2800
28078213;2800
28075832;2800
28076459;2800
28076459;2800
28025166;500
28078249;2800
28076873;2800
28075595;2800
28009525;2800
28031592;990
28079539;2800
28025919;2800
28080177;2800
28045748;2800
28009525;2800
28058743;2800
28065671;400
28012640;2800
28045748;2480
28025166;500
28076903;2800
28032833;2800
28076976;2800
28080177;2800
28042139;2800
28025324;2800
28079345;2800
28008508;360
28076186;2800
28049912;2800
28000467;400
28069303;2800
28074864;2800
28080359;2800
28009525;2800
28077294;2700
28079497;2800
28026183;2800
28064172;980
28075728;2800
28021604;2800
28009525;2800
28009525;2800
28075728;2800
28024812;2800
28080177;2800
28021604;2800
28077555;2800
28075728;2800
28042139;2800
28067847;2800
28001976;2800
28078249;2800
28049912;2800
28009525;1160
28025166;2800
28078419;575
28049912;2800
28012640;2800
28030991;400
28079552;2800
28038100;530
28001976;2800
28069303;2800
28075728;575
28079679;2800
28026183;2800
28079679;2800
28078407;2800
28080281;1500
28026183;1107
28075728;2800
28078729;2800
28079552;2800
28046911;2800
28080669;2800
28078213;2800
28073446;2800
28078407;2800
28049912;2800
28021604;2800
28080177;2800
28076952;2800
28009525;2800
28079497;2800
28080177;2800
28046911;2800
28049912;2800
28032833;2800
28078407;2800
28075728;575
28079497;2800
28058305;2800
28075728;2800
28075625;2800
28076514;1610
28048919;2800
28078213;2800
28075054;2800
28075716;2800
28045748;2800
28077713;1000
28077294;2800
28067859;2660
28009525;2800
28076514;2800
28080281;2800
28076186;2800
28075728;2800
28074323;2800
28049912;2800
28074682;2800
28078213;2800
28046911;2800
28075728;2800
28074682;1578
28014651;2800
28038379;400
28078213;2800
28076873;2800
28075716;2800
28079539;2800
28075662;2800
28080177;2800
28046911;2800
28080426;2800
28077713;2800
28078213;2800
28079679;2800
28012640;2800
28009525;2800
28076873;1573
28039700;400
28075625;2800
28049912;2800
28042607;200
28076952;2800
28075832;2800
28018368;400
28078213;2800
28078377;2800
28078407;2800
28075625;2800
28040647;2800
28076903;2800
28076903;2800
28065735;2421
28077555;2800
28075595;2800
28067859;2660
28070883;2800
28025166;2800
28078407;2800
28075662;2800
28075728;2800
28025166;1000
28075728;2800
28076903;2800
28074086;2800
28076976;2800
28077555;2800
28078419;2800
28021604;1005
28048919;2800
28048919;2800
28076873;2800
28071474;2800
28079679;2800
28076976;2800
28077580;2800
28040647;2800
28079679;2800
28080451;2800
28078249;2800
28014651;2800
28080177;2800
28076976;2800
28049912;2800
28076976;2800
28075728;2800
28076976;2800
28076976;2800
28076873;2800
28076915;2800
28075728;575
28076873;2800
28021604;2800
28076976;2800
28079679;2800
28022475;2800
28077798;2800
28076514;2800
28079588;2800
28048919;2800
28076873;2800
28076459;2800
28080359;2800
28076514;2800
28025166;500
28079552;2800
28078407;2800
28019889;400
28079552;2800
28018381;400
28076903;2800
28075728;2800
28080724;2800
28079539;2800
28045748;2200
28074864;2800
28076873;2800
28067859;1889
28077713;2800
28064172;980
28016271;2800
28049912;2800
28075832;2800
28067859;2760
28079679;2800
28080359;2800
28009525;2800
28076861;1840
28075595;2800
28047356;2800
28021604;1005
28079916;2800
28009525;2800
28049912;2800
28020831;400
28001976;2800
28025166;2800
28009525;2800
28065735;2421
28042139;2800
28075728;575
28078390;2800
28079679;2800
28079345;2800
28042139;2800
28069303;2800
28046911;2800
28079916;2800
28009525;2800
28049912;2800
28009525;2800
28079916;2800
28058305;2800
28023819;1300
28075832;2800
28075716;2800
28075716;2800
28080281;2800
28079679;2800
28026183;2800
28009525;2800
28042139;2800
28077798;2800
28072661;2800
28079552;2800
28046911;2800
28047356;2800
28075728;2800
28078249;2800
28080177;2800
28060087;2800
28042607;400
28009525;1360
28077798;2800
28080177;2800
28046911;2800
28075625;2800
28074220;2800
28074086;2800
28076873;2800
28026183;2800
28079552;2800
28047356;2800
28078419;575
28079497;2800
28036978;400
28048919;2800
28075728;2800
28048919;2800
28014193;2800
28075728;2800
28020028;391,1
28079679;2800
28064172;392
28075844;2800
28075595;2800
28040775;400
28009525;2800
28046911;2800
28074323;2700
28080451;2800
28026183;2800
28067847;2800
28009525;2800
28078419;2800
28075728;575
28025166;500
28069261;2800
28075832;2800
28025166;1000
28024812;2800
28080359;2800
28076514;2800
28046911;2800
28009525;1360
28078249;2800
28058305;2800
28080177;1320
28074323;2800
28075728;2800
28075728;575
28078407;2800
28074682;2800
28079345;1722,5
28075728;2800
28047356;2800
28009525;2800
28060580;2800
28009525;2800
28076514;1610
28080177;1320
28075728;575
28074323;2800
28042139;2800
28074086;2800
28009525;2800
28046911;2800
28076903;2800
28078407;2800
28046911;2800
28020341;400
28025877;2800
28076952;2800
28078407;2800
28009525;2800
28079679;2800
28078249;2800
28042607;400
28079497;2800
28076861;2800
28025166;1000
28078407;2800
28077737;2800
28079679;2800
28067847;2800
28079679;2800
28078249;2800
28021604;2800
28076514;1610
28079539;2800
28009525;2800
28041615;400
28026183;2800
28078811;2800
28046911;2800
28076514;2800
28046911;2800
28076873;2800
28009525;2800
28009525;2800
28078407;2800
28075728;575
28078407;2800
28076976;2800
28009525;2800
28077713;2800
28008508;360
28047356;2800
28031592;990
28078407;2800
28077294;2800
28009525;2800
28067859;2800
28079497;2800
28048919;2800
28076873;2800
28080177;2700
28026183;2800
28009525;2800
28032833;2800
28044902;400
28080177;2800
28020715;400
28032833;2800
28078729;2800
28075716;2800
28075728;575
28078213;2800
28025166;2800
28014651;2800
28046911;2800
28046911;2800
28075030;2800
28025166;2800
28074220;2800
28042139;2800
28075728;2800
28078249;2800
28075595;2800
28079552;2800
28078407;2800
28076514;2800
28079679;2800
28014193;2800
28025166;1000
28012640;2800
28078407;2800
28075182;2800
28076976;2800
28072661;2800
28077713;2800
28078407;2800
28079588;2800
28076991;2800
28080177;2800
28040647;2800
28046911;2800
28078407;2800
28080177;2800
28023819;2800
28079679;2800
28078213;2800
28080177;2800
28078249;2800
28078249;2800
28078249;2800
28067847;2800
28020341;400
28067859;2800
28080451;2800
28046911;2800
28047356;2800
28079539;2800
28078791;2800
28049912;2800
28009525;1360
28078249;2800
28075728;2800
28079345;2800
28009525;2800
28079746;2400
28078213;2800
28003250;400
28009525;2800
28078390;2800
28077580;2800
28030903;400
28012640;2800
28078390;2800
28080177;2800
28079679;2800
28075595;2800
28080426;2800
28079552;2800
28029445;2800
28077294;2800
28078791;2800
28076873;2800
28009525;2800
28046364;400
28075595;2800
28009525;2800
28026183;2800
28079345;1722,5
28009525;1360
28076976;2800
28075625;2800
28079539;2800
28074323;2800
28079345;2800
28079679;2800
28075844;2800
28079916;2800
28076952;2800
28000522;520
28070883;2800
28009525;2800
28049912;2800
28075728;2800
28046911;2800
28076873;2800
28075728;575
28076976;2800
28078377;2800
28009525;2800
28021604;2800
28026183;2800
28009525;2800
28078407;2800
28075911;2800
28046911;2800
28078213;2800
28080281;2800
28079539;2800
28074086;2800
28009525;2800
28072661;2800
28076976;2800
28070883;2800
28078249;700
28076861;1840
28072661;2800
28076952;2800
28076514;2800
28076915;2800
28075728;2800
28080451;2800
28079345;2800
28023819;2800
28026183;2800
28076915;2800
28080359;2800
28078249;300
28009525;2800
28009525;2800
28075716;2800
28075182;2800
28023194;400
28074864;2800
28079539;2800
28079345;1722,5
28009525;2800
28075716;2800
28075625;2800
28048919;2800
28026183;2800
28080177;2800
28077798;2800
28076861;1840
28079679;2800
28078213;2800
28009525;2800
28077555;2800
28076976;2800
28075728;575
28042607;400
28075625;2800
28076976;2800
28020341;400
28078249;2800
28041275;2800
28046911;2800
28080177;2800
28049912;2800
28048919;2800
28042139;2800
28075728;2800
28072156;2800
28047356;2800
28049912;2800
28074220;2800
28075728;2800
28058305;2800
28077798;2800
28025166;1000
28078791;2800
28049912;2800
28021604;1005
28025166;500
28046911;2800
28069303;2800
28047356;2800
28067331;2800
28072661;2800
28079345;2800
28009525;2800
28046911;2800
28079539;2800
28074086;2800
28075716;2800
28072168;2800
28048282;400
28080669;1109,9
28074086;2800
28079345;2800
28046911;2800
28075728;2800
28076976;2800
28009525;2800
28075716;2800
28046911;2800
28078419;2800
28079916;2800
28080177;2800
28079497;2800
28079679;2800
28075728;2800
28075728;575
28079539;2800
28078791;2800
28074323;2800
28025166;1000
28067859;2800
28016271;2800
28016271;2800
28075844;2800